{"assets/._Tech-ShotsLogo.png":["assets/._Tech-ShotsLogo.png"],"assets/Tech-ShotsLogo.png":["assets/Tech-ShotsLogo.png"],"assets/Tech-ShotsLogodark.png":["assets/Tech-ShotsLogodark.png"],"assets/ad.png":["assets/ad.png"],"assets/adhorizontal.jpg":["assets/adhorizontal.jpg"],"assets/adhorizontal.png":["assets/adhorizontal.png"],"assets/ads.jpg":["assets/ads.jpg"],"assets/ads.png":["assets/ads.png"],"assets/categories.png":["assets/categories.png"],"assets/full%20article.png":["assets/full%20article.png"],"assets/read.png":["assets/read.png"],"assets/refresh.png":["assets/refresh.png"],"assets/share.png":["assets/share.png"],"assets/user.png":["assets/user.png"],"packages/cupertino_icons/assets/CupertinoIcons.ttf":["packages/cupertino_icons/assets/CupertinoIcons.ttf"]}